{
  "2": {
    "t": 0,
    "p": 0,
    "color": "#3c9ce6"
  },
  "3": {
    "t": 0,
    "p": 0,
    "color": "#3c74e6"
  },
  "4": {
    "t": 0,
    "p": 0,
    "color": "#3f3ce6"
  },
  "5": {
    "t": 0,
    "p": 0,
    "color": "#6f3ce6"
  },
  "6": {
    "t": 2144,
    "p": 0.002144,
    "color": "#be3ce6",
    "1+1+1+1+1+1": 2144
  },
  "7": {
    "t": 12810,
    "p": 0.01281,
    "color": "#e63c9c",
    "1+1+1+1+1+2": 12810
  },
  "8": {
    "t": 45129,
    "p": 0.045129,
    "color": "#c41862",
    "1+1+1+1+2+2": 32084,
    "1+1+1+1+1+3": 13045
  },
  "9": {
    "t": 120051,
    "p": 0.120051,
    "color": "#a60f28",
    "1+1+1+1+2+3": 64224,
    "1+1+1+2+2+2": 43052,
    "1+1+1+1+1+4": 12775
  },
  "10": {
    "t": 270629,
    "p": 0.270629,
    "color": "#cf2802",
    "1+1+1+1+3+3": 32278,
    "1+1+1+2+2+3": 128806,
    "1+1+1+1+2+4": 64450,
    "1+1+2+2+2+2": 32223,
    "1+1+1+1+1+5": 12872
  },
  "11": {
    "t": 540410,
    "p": 0.54041,
    "color": "#d16806",
    "1+1+1+2+3+3": 128818,
    "1+1+1+1+2+5": 64105,
    "1+1+1+2+2+4": 128334,
    "1+1+1+1+3+4": 64443,
    "1+1+2+2+2+3": 129041,
    "1+1+1+1+1+6": 12846,
    "1+2+2+2+2+2": 12823
  },
  "12": {
    "t": 977183,
    "p": 0.977183,
    "color": "#f2da3d",
    "1+1+1+1+2+6": 64503,
    "1+1+1+2+3+4": 257300,
    "1+1+2+2+3+3": 192142,
    "1+1+2+2+2+4": 128153,
    "1+1+1+2+2+5": 128185,
    "1+1+1+1+3+5": 64577,
    "1+1+1+3+3+3": 43129,
    "1+2+2+2+2+3": 64418,
    "1+1+1+1+4+4": 32642,
    "2+2+2+2+2+2": 2134
  },
  "13": {
    "t": 1619383,
    "p": 1.619383,
    "color": "#d7f229",
    "1+1+1+2+3+5": 256184,
    "1+1+2+2+3+4": 384899,
    "1+1+2+2+2+5": 128895,
    "1+1+1+1+4+5": 64465,
    "1+1+1+2+4+4": 128534,
    "1+2+2+2+3+3": 128631,
    "1+1+1+3+3+4": 129200,
    "1+1+2+3+3+3": 128847,
    "1+1+1+1+3+6": 64194,
    "1+1+1+2+2+6": 128538,
    "1+2+2+2+2+4": 64110,
    "2+2+2+2+2+3": 12886
  },
  "14": {
    "t": 2487564,
    "p": 2.487564,
    "color": "#a8f229",
    "1+1+1+1+4+6": 64119,
    "1+1+1+2+3+6": 257468,
    "1+1+2+2+3+5": 385408,
    "1+1+2+3+3+4": 385992,
    "1+2+2+3+3+3": 128457,
    "1+1+1+2+4+5": 256784,
    "1+1+1+3+4+4": 128673,
    "1+1+1+3+3+5": 128745,
    "1+2+2+2+2+5": 64612,
    "1+1+2+2+4+4": 192670,
    "1+2+2+2+3+4": 256724,
    "1+1+2+2+2+6": 128520,
    "2+2+2+2+3+3": 32265,
    "1+1+3+3+3+3": 32104,
    "1+1+1+1+5+5": 32176,
    "2+2+2+2+2+4": 12847
  },
  "15": {
    "t": 3571530,
    "p": 3.57153,
    "color": "#65f229",
    "1+1+3+3+3+4": 128228,
    "1+1+1+2+4+6": 257387,
    "1+1+1+1+5+6": 64338,
    "1+1+2+3+4+4": 386220,
    "1+1+1+3+3+6": 128268,
    "1+1+2+2+3+6": 385046,
    "1+1+2+2+4+5": 386607,
    "1+1+1+4+4+4": 42777,
    "2+2+2+2+3+4": 64797,
    "1+2+2+3+3+4": 385707,
    "1+1+2+3+3+5": 385789,
    "1+2+2+2+2+6": 64331,
    "1+2+3+3+3+3": 64110,
    "1+1+1+2+5+5": 129135,
    "1+2+2+2+3+5": 257355,
    "1+1+1+3+4+5": 257009,
    "2+2+2+3+3+3": 43033,
    "1+2+2+2+4+4": 128517,
    "2+2+2+2+2+5": 12876
  },
  "16": {
    "t": 4816542,
    "p": 4.816542,
    "color": "#0da624",
    "1+1+2+3+4+5": 772753,
    "1+2+2+2+3+6": 257611,
    "1+1+2+2+4+6": 384909,
    "1+2+2+3+3+5": 385828,
    "1+2+2+2+4+5": 256959,
    "1+1+1+2+5+6": 256323,
    "1+1+2+3+3+6": 385266,
    "2+2+2+2+4+4": 32291,
    "1+2+3+3+3+4": 257054,
    "1+2+2+3+4+4": 386120,
    "1+1+2+2+5+5": 192509,
    "1+1+1+4+4+5": 128848,
    "1+1+1+3+4+6": 257139,
    "2+2+2+2+3+5": 64030,
    "1+1+3+3+4+4": 193893,
    "2+2+2+3+3+4": 128543,
    "1+1+3+3+3+5": 128168,
    "1+1+1+1+6+6": 31980,
    "1+1+1+3+5+5": 129535,
    "1+1+2+4+4+4": 128633,
    "2+2+3+3+3+3": 32101,
    "1+3+3+3+3+3": 12914,
    "2+2+2+2+2+6": 13135
  },
  "17": {
    "t": 6124359,
    "p": 6.124359,
    "color": "#0fb86e",
    "1+1+3+3+3+6": 129306,
    "1+2+2+4+4+4": 128227,
    "1+1+2+4+4+5": 385325,
    "1+1+1+3+5+6": 257790,
    "1+1+2+3+4+6": 771887,
    "2+2+2+2+4+5": 64338,
    "1+1+2+2+5+6": 386815,
    "1+1+3+4+4+4": 128769,
    "1+2+2+3+4+5": 771791,
    "2+2+2+3+3+5": 128532,
    "1+1+2+3+5+5": 386161,
    "1+2+3+3+4+4": 386098,
    "1+2+2+2+5+5": 128980,
    "1+1+3+3+4+5": 385481,
    "1+2+2+3+3+6": 386221,
    "1+1+1+4+5+5": 128305,
    "1+1+1+4+4+6": 128182,
    "1+2+3+3+3+5": 257810,
    "2+2+3+3+3+4": 128863,
    "1+1+1+2+6+6": 128455,
    "1+2+2+2+4+6": 256876,
    "2+2+2+3+4+4": 128753,
    "1+3+3+3+3+4": 64311,
    "2+3+3+3+3+3": 12885,
    "2+2+2+2+3+6": 64198
  },
  "18": {
    "t": 7352770,
    "p": 7.35277,
    "color": "#0fb88d",
    "1+2+3+4+4+4": 256884,
    "1+1+2+3+5+6": 770877,
    "1+1+1+4+5+6": 257646,
    "1+2+2+4+4+5": 385315,
    "2+3+3+3+3+4": 64604,
    "1+2+3+3+4+5": 771184,
    "1+1+2+4+4+6": 385142,
    "1+1+1+5+5+5": 43019,
    "1+1+3+3+5+5": 193249,
    "1+3+3+3+4+4": 129213,
    "1+1+3+4+4+5": 386277,
    "2+2+2+3+4+5": 256529,
    "1+2+2+3+4+6": 771396,
    "1+2+2+3+5+5": 385701,
    "1+1+2+4+5+5": 384652,
    "1+1+2+2+6+6": 192394,
    "1+1+3+3+4+6": 387228,
    "1+2+3+3+3+6": 257818,
    "1+2+2+2+5+6": 257127,
    "2+2+2+4+4+4": 42763,
    "2+2+3+3+4+4": 192408,
    "2+2+2+2+4+6": 63848,
    "2+2+2+3+3+6": 128777,
    "2+2+3+3+3+5": 129044,
    "1+3+3+3+3+5": 64648,
    "1+1+1+3+6+6": 128653,
    "2+2+2+2+5+5": 32067,
    "1+1+4+4+4+4": 32178,
    "3+3+3+3+3+3": 2129
  },
  "19": {
    "t": 8378181,
    "p": 8.378181,
    "color": "#33d4be",
    "1+2+2+3+5+6": 771308,
    "1+3+3+3+4+5": 257802,
    "1+3+3+4+4+4": 128769,
    "1+2+3+4+4+5": 773088,
    "1+1+3+3+5+6": 385362,
    "1+1+2+5+5+5": 128539,
    "1+1+1+5+5+6": 128736,
    "2+2+3+3+4+5": 386082,
    "1+2+2+4+5+5": 385875,
    "1+1+2+4+5+6": 771363,
    "1+2+3+3+5+5": 386105,
    "2+2+3+3+3+6": 129138,
    "2+3+3+3+3+5": 64249,
    "1+1+2+3+6+6": 385027,
    "1+1+1+4+6+6": 128722,
    "2+2+3+4+4+4": 128222,
    "2+2+2+4+4+5": 128272,
    "1+2+2+4+4+6": 387346,
    "1+2+3+3+4+6": 773384,
    "1+1+3+4+5+5": 386907,
    "2+2+2+3+4+6": 257631,
    "1+1+3+4+4+6": 386458,
    "2+2+2+3+5+5": 128411,
    "1+2+2+2+6+6": 128895,
    "1+1+4+4+4+5": 128888,
    "2+3+3+3+4+4": 128586,
    "1+2+4+4+4+4": 64312,
    "1+3+3+3+3+6": 64330,
    "3+3+3+3+3+4": 12729,
    "2+2+2+2+5+6": 63645
  },
  "20": {
    "t": 9043593,
    "p": 9.043593,
    "color": "#2af5d0",
    "2+2+2+2+6+6": 31886,
    "2+3+3+3+4+5": 256501,
    "1+3+3+4+4+5": 385972,
    "1+2+3+4+4+6": 771088,
    "2+2+3+3+4+6": 384509,
    "1+1+3+3+6+6": 193474,
    "1+1+3+5+5+5": 128644,
    "1+1+3+4+5+6": 770954,
    "1+1+1+5+6+6": 129042,
    "1+2+3+3+5+6": 772299,
    "1+3+3+3+4+6": 257428,
    "2+2+3+4+4+5": 386343,
    "3+3+3+3+3+5": 12680,
    "2+2+2+4+5+5": 128249,
    "1+2+2+4+5+6": 770892,
    "1+2+4+4+4+5": 256516,
    "1+2+3+4+5+5": 771935,
    "1+1+4+4+5+5": 193062,
    "2+3+3+4+4+4": 128756,
    "1+2+2+3+6+6": 386683,
    "1+1+2+4+6+6": 386445,
    "2+2+2+4+4+6": 128589,
    "1+3+3+3+5+5": 128551,
    "1+1+2+5+5+6": 384891,
    "1+1+4+4+4+6": 128806,
    "2+2+2+3+5+6": 256696,
    "2+3+3+3+3+6": 64197,
    "2+2+3+3+5+5": 191965,
    "3+3+3+3+4+4": 32230,
    "1+3+4+4+4+4": 63911,
    "1+2+2+5+5+5": 128062,
    "2+2+4+4+4+4": 32337
  },
  "21": {
    "t": 9281061,
    "p": 9.281061,
    "color": "#0cf5f1",
    "1+2+3+4+5+6": 1544690,
    "2+3+3+4+4+5": 385619,
    "1+2+3+3+6+6": 385937,
    "1+3+3+4+4+6": 384176,
    "2+2+3+4+4+6": 386046,
    "1+2+4+4+4+6": 257399,
    "1+2+2+4+6+6": 385404,
    "2+2+3+3+5+6": 385478,
    "1+1+2+5+6+6": 385102,
    "1+1+3+4+6+6": 386392,
    "2+2+4+4+4+5": 128671,
    "1+2+2+5+5+6": 385348,
    "1+1+3+5+5+6": 386129,
    "1+3+3+4+5+5": 385989,
    "1+3+3+3+5+6": 256554,
    "2+2+2+5+5+5": 42687,
    "1+1+4+4+5+6": 386599,
    "2+3+4+4+4+4": 64315,
    "1+2+3+5+5+5": 257850,
    "2+3+3+3+4+6": 256652,
    "1+4+4+4+4+4": 12881,
    "1+1+1+6+6+6": 42710,
    "1+1+4+5+5+5": 127685,
    "2+2+2+4+5+6": 257375,
    "2+3+3+3+5+5": 128955,
    "2+2+3+4+5+5": 385164,
    "1+3+4+4+4+5": 256800,
    "2+2+2+3+6+6": 128646,
    "1+2+4+4+5+5": 384197,
    "3+3+3+4+4+4": 42829,
    "3+3+3+3+4+5": 63736,